{
  "project_info": {
    "project_number": "57222191341",
    "firebase_url": "https://swenforums-4d059.firebaseio.com",
    "project_id": "swenforums-4d059",
    "storage_bucket": "swenforums-4d059.appspot.com"
  },
  "client": [
    {
      "client_info": {
        "mobilesdk_app_id": "1:57222191341:android:36f7458541ecf8ca",
        "android_client_info": {
          "package_name": "com.codemetrictech.swenforums"
        }
      },
      "oauth_client": [
        {
          "client_id": "57222191341-k67t58e777j924529en95uefk2vf1eah.apps.googleusercontent.com",
          "client_type": 1,
          "android_info": {
            "package_name": "com.codemetrictech.swenforums",
            "certificate_hash": "c89a257233d36450ebc967f2bf2182f826631799"
          }
        },
        {
          "client_id": "57222191341-nd5hh1tsiso6277e03q3bjegv4ibf9rf.apps.googleusercontent.com",
          "client_type": 3
        }
      ],
      "api_key": [
        {
          "current_key": "AIzaSyAd3YSry88XdpOunGM4ghBc6uO5T0_iTrI"
        }
      ],
      "services": {
        "appinvite_service": {
          "other_platform_oauth_client": [
            {
              "client_id": "57222191341-nd5hh1tsiso6277e03q3bjegv4ibf9rf.apps.googleusercontent.com",
              "client_type": 3
            }
          ]
        }
      }
    }
  ],
  "configuration_version": "1"
}